Case,ratio,ac,dc,PI_feature,slope,glucose
pre breakfast,1.188465,83.819,102605.25,0.0000764,0.007502,144
15 min post breakfast,1.232396,102.857,101999.781,0.001008,0.001463,156
1hr post breakfast,1.266407,83.203,111885.664,0.000744,0.00565,142
2hr post breakfast,1.202306,120.415,106112.469,0.001135,0.005391,175
15 min post lunch,1.269278,101.051,108323.812,0.000933,0.002658,144
1 hr post lunch,1.211104,131.713,104250.656,0.001263,0.021144,137
15min post snack,1.250239,109.557,110246.187,0.000994,0.008851,140
2hr post lunch,1.24293,117.254,110261.375,0.001063,0.007945,140
